{"biases":[[[1350.511696234479],[1292.0611812370034],[1383.8241411078466],[1375.4127703738031],[1309.4082082483994],[1369.0041979192015],[1459.1277950289175],[1497.2766436286977],[1397.6561554908633],[1509.5196838560298],[1501.000871589368],[1389.610990157126],[1506.5201822059078],[1348.6121922958796],[1380.6556302316878],[1593.7272104289445],[1337.3728920583892],[1494.1539639721102],[1264.0933605426974],[1519.460398560455]],[[-3.1824169707868255],[-10.602524276565896],[23.02081698861487],[21.03635154976504],[19.04127298968435],[17.248541559858182],[12.329055211346546],[19.243855862089912],[13.976483830212489],[15.275807364735877],[18.813002282784975],[22.889329690144088],[16.48795749200818],[-0.920333790929167],[-4.67137907819903],[20.52861767653064],[15.6949986179692],[-4.1796670847326265],[24.17995503723093],[13.866852271456667]],[[-0.15877222334292826],[1.2829234740496056]]],"weights":[[[358.27105806235693,-39966.4744578163],[183.18500145068637,-37439.92531965111],[-20633.991676475693,-1124.7736679048214],[32213.094797744423,-2175.4262812763964],[13.905688008377474,-37922.77398756569],[-20582.72111957077,-959.4822618252151],[-22144.607042472464,-1003.8976637090517],[562.7968582696192,16427.817368105654],[29735.489343168403,-1560.0967175144165],[657.4780441868786,16564.365688273392],[-22722.39945193691,-1083.6585330668374],[23874.951122774786,-242.624774359217],[-22955.342116487438,-982.4599877371625],[26355.059351091622,-1103.738665100528],[29179.798089058582,-1479.9513002160838],[279.2774038842289,16532.50472358091],[195.21302744739447,-38289.741823655146],[417.06646221496135,15668.610921742711],[56.22391868792915,-35864.87481008321],[484.41848988167663,16267.671348573293]],[[-12.753621585267236,-13.02959999533198,-8.717788560878057,-10.529371697218133,-13.173645686861589,-7.2096318001936694,-8.088316543128057,-6.579440505930468,-9.696816674676754,-7.0778682166047835,-9.152772878821633,-9.343788189095873,-7.849899961855622,-10.383845444341938,-11.149330177573553,-6.159703788996925,-13.059219753327426,-6.4577006889598785,-12.124894826646456,-5.661827259276686],[-15.865030413585528,-14.900488193871139,-12.75749764038974,-15.643469600737665,-16.427631839608402,-13.086598260521075,-13.296181203415463,-11.15205222687938,-16.233769201622682,-12.600149602023858,-13.370351487588003,-14.012574726578704,-12.610526392623717,-15.28043140528535,-15.058190713896161,-12.214387059604542,-16.746581716615594,-11.484558089199279,-15.94265947166402,-12.459919124647115],[9.153617084958604,8.57422658623246,10.470007754345112,8.99163177327754,7.986922535513668,10.341760994904524,9.151480947113285,9.737443090186813,9.880054948674188,10.573398019487197,9.07518207704009,9.201417083644925,10.514579297393984,8.325494823449828,8.655327257140623,11.442168029135875,8.746605048335182,9.983304373291341,8.316449183447332,10.57156260300168],[12.278114162791434,11.982748240611308,11.956975251716194,12.044086554366396,11.345961517528375,11.040996320426787,11.450403566873225,10.383618139029432,12.414140223548326,11.450266398308301,11.405638451135397,11.935875865538707,10.478839999240746,12.34519025756334,12.451584551499568,10.461825974457096,11.899107304782847,10.346246507855525,11.274730667977122,11.218064503880303],[3.369974313444616,2.045741561258005,6.02175860411773,4.575007902352646,1.9086084141740707,4.816101004238506,6.097507476827553,6.532810739925702,3.779525041989585,6.998913567119589,5.98040097766533,5.37791451634629,5.489009796895533,3.7053848162169,2.987573236479397,6.976821788356947,2.587778247484086,6.131259606046754,2.1710347120895186,5.967239150096087],[11.08122558579417,11.24643063597813,10.149113753322649,11.470265443808696,11.160745217304305,10.26765051173219,10.904234307119946,10.428262220500873,10.673846955903777,10.79583114857525,10.37509470566948,11.460028403013515,10.188619351317351,10.858715574600312,11.77673656375028,9.839080736265258,11.550480789592262,11.039941311306485,11.475869346893457,9.87309356754729],[3.8544721121753978,4.292185824684663,4.356776551185521,3.7851586595560787,4.618283668936026,3.8117540875315172,4.409180801872508,5.668483931652619,3.8474289617875734,5.33575084791777,5.475086937627459,3.8491164546803267,5.689036775410936,3.9214110005436478,3.55979163391327,5.6402422491446105,3.4008468550299824,4.548163688367456,3.6553101530155043,5.247947351969745],[15.218563701537754,14.870034444386386,12.291462230246694,14.518482229765144,14.051702610192981,11.91502005789476,11.725988606222858,11.042480218850299,14.718572176472366,12.230064523000944,12.717139269486195,11.846264520384727,13.107031815688082,13.699953542692556,14.38314171873455,11.078254848399192,15.260438998971543,11.344173922082826,13.883331061730711,11.172843335081092],[3.0326971106704903,2.267024038282575,5.411094500842751,3.019806167572362,3.1864913704424462,4.2283391707155396,4.831404707971002,6.341262847410442,3.6847929267766792,4.997778232832629,5.213485062803075,4.13375854870193,4.863175288871546,4.313199094954101,4.099473283374767,6.147913899392766,3.499456751594812,5.76187367253886,3.080413429761657,4.637833714864934],[0.3443125835689732,0.9556789876474998,3.3360806979717283,1.257190811229817,1.3797627377178399,3.4033467043165846,4.280325886261239,4.922371531750219,1.340870677755314,4.2968996032258495,3.717334071845453,2.5137181091539484,3.346410350953817,2.2919092762287665,1.5557822036476385,3.7904791457077582,0.35551745730003825,5.036735874217717,1.9164305885860997,4.1751139241385875],[13.618888920703016,12.673320662907056,10.145973453587862,11.853908666352943,12.885486484085543,10.768661044298645,11.190818524646703,10.667605952697167,11.869404149229908,11.67727245932011,11.642049288206577,12.453891933269002,11.636351646332182,11.735596332226297,12.823131635593604,11.863401788195587,12.932513102217847,10.874452223204704,11.876677135278403,11.517225920340048],[2.791006320664521,4.484380314416423,6.0063076322319375,4.210688527180536,3.9020149684259064,6.396075724105969,6.249858832083241,8.644860050037341,4.011036294877942,7.815652371589111,6.020876088782532,4.863094997313996,7.2905064113171285,4.697103542496644,4.676287811305287,8.390328109112211,2.744708197831523,8.563345962666384,4.146747481486376,7.4766291412143655],[8.056911343533994,6.980178277284167,7.1834475791805374,6.667007659577745,7.843907666823101,7.553604935300201,8.737804383983622,7.877823944965775,8.693474888423149,7.928227518816638,8.633959846198813,6.972196407569543,7.59030897789997,7.123756681369746,7.375711664653204,8.620360484838985,7.115039391687183,7.402289557496032,6.64578748604573,8.90887024127539],[-10.240016033233134,-10.043538086587965,-6.9417630206809955,-8.721893038563755,-9.629452798868211,-5.854371024066631,-6.46391069380772,-5.8287443320193475,-9.037035818543835,-4.0809664307391,-5.662136259736331,-6.829158656679176,-6.33254467149037,-8.77084631241919,-9.270197428682216,-5.688618087541467,-10.650187236328152,-5.420292837804651,-9.00685258952163,-5.301618753008254],[-33.61218847921829,-33.2893550070684,-20.34572209318773,-28.81262439097696,-33.83801097361933,-21.437619297659026,-22.1912630482688,-18.26806999136703,-29.337604385819542,-17.807829731020632,-21.732070018560677,-24.15385495568485,-23.18850768075526,-27.254330111398275,-28.155567569698768,-17.759436191628737,-32.66496102556422,-16.76795708254907,-31.665678122423536,-16.392297308794216],[10.181888788848484,11.215763818276752,9.565544044915962,10.593548503106394,10.149553090576061,9.756102928548184,11.099973276553518,11.38416706416268,11.271141665113587,10.164014407347675,10.972781496732994,10.944836142230397,10.620566309563987,10.706760981565164,10.708726824937985,11.625285957717436,11.568102767018585,11.012905119361548,11.00259807348119,11.550307858553184],[15.945459116164356,14.549075687187816,12.343274369774896,14.458269852001425,14.616768684150598,11.715340960487735,11.861828416621695,11.23278464880764,13.51792690490206,10.951930028406846,12.20698391565688,13.365740544179237,12.348145177088819,12.890890448231675,